Class,Accuracy
airport,0.16483516483516483
bus,0.7758620689655172
metro,0.1124031007751938
metro_station,0.4984025559105431
park,0.956140350877193
public_square,0.36199095022624433
shopping_mall,0.8048780487804879
street_pedestrian,0.28289473684210525
street_traffic,0.8576388888888888
tram,0.5357142857142857
