Class,Accuracy
airport,0.14516129032258066
bus,0.782608695652174
metro,0.2153846153846154
metro_station,0.6212121212121212
park,0.8823529411764706
public_square,0.11363636363636363
shopping_mall,0.7959183673469388
street_pedestrian,0.6206896551724138
street_traffic,0.7833333333333333
tram,0.6666666666666666
