Class,Accuracy
airport,0.3157894736842105
bus,0.84
metro,0.14285714285714285
metro_station,0.3333333333333333
park,0.8571428571428571
public_square,0.1875
shopping_mall,0.84
street_pedestrian,0.058823529411764705
street_traffic,0.8095238095238095
tram,0.46875
